energy_function,model_name,energy,time,lr,clamp_grads,patience,min_delta,x0_std,num_nodes,lr_cg,cg_patience,cg_min_delta,cg_steps,cg_time,cg_energy,num_cg_modes,hidden_dims
Energy_LJ_2scale,GD_2LJ_n1000_d3,-0.0011438175570219755,2.4784095287323,0.05,0.1,20,1e-06,2.5303592681884766,1000,,,,,,,,
Energy_LJ_2scale,CG_2LJ0.33_n1000_d3,0.1372944861650467,11.926819562911987,0.05,0.1,20,1e-06,2.5303592681884766,1000,0.05,20.0,9.999999999999999e-06,580.0,10.441059350967407,0.15410469472408295,333.0,
Energy_LJ_2scale,GNN_2LJ0.33_n1000_d3,0.03142869845032692,4.540106534957886,0.05,0.1,20,1e-06,2.5303592681884766,1000,0.005,20.0,9.999999999999999e-06,97.0,3.327610969543457,0.04116746038198471,333.0,"[8, 4, 3]"
Energy_LJ_2scale,GNN_2LJ0.33_n1000_d3,-0.02788393385708332,4.7634406089782715,0.05,0.1,20,1e-06,2.5303592681884766,1000,0.005,20.0,9.999999999999999e-06,30.0,2.0504534244537354,-0.005726140923798084,333.0,"[32, 16, 3]"
Energy_LJ_2scale,CG_2LJ0.25_n1000_d3,0.47341388463974,16.559234857559204,0.05,0.1,20,1e-06,2.5303592681884766,1000,0.05,20.0,9.999999999999999e-06,865.0,15.198349475860596,0.4982251226902008,250.0,
Energy_LJ_2scale,GNN_2LJ0.25_n1000_d3,-0.025778761133551598,6.505024194717407,0.05,0.1,20,1e-06,2.5303592681884766,1000,0.005,20.0,9.999999999999999e-06,180.0,4.973675727844238,-0.017832022160291672,250.0,"[8, 4, 3]"
Energy_LJ_2scale,GNN_2LJ0.25_n1000_d3,-0.027374200522899628,4.550583839416504,0.05,0.1,20,1e-06,2.5303592681884766,1000,0.005,20.0,9.999999999999999e-06,35.0,2.163832902908325,-0.005932965315878391,250.0,"[32, 16, 3]"
Energy_LJ_2scale,CG_2LJ0.20_n1000_d3,0.39252278208732605,13.861361026763916,0.05,0.1,20,1e-06,2.5303592681884766,1000,0.05,20.0,9.999999999999999e-06,689.0,12.398494005203247,0.4252178370952606,200.0,
Energy_LJ_2scale,GNN_2LJ0.20_n1000_d3,0.02985175885260105,12.173056602478027,0.05,0.1,20,1e-06,2.5303592681884766,1000,0.005,20.0,9.999999999999999e-06,468.0,10.757779836654663,0.031339630484580994,200.0,"[8, 4, 3]"
Energy_LJ_2scale,GNN_2LJ0.20_n1000_d3,-0.017221545800566673,4.384654521942139,0.05,0.1,20,1e-06,2.5303592681884766,1000,0.005,20.0,9.999999999999999e-06,46.0,2.41884446144104,0.00068050337722525,200.0,"[32, 16, 3]"
Energy_LJ_2scale,CG_2LJ0.33_n1000_d3,-0.006733663380146027,4.180406808853149,0.05,0.1,20,1e-06,2.5303592681884766,1000,0.5,20.0,9.999999999999999e-06,145.0,3.893261671066284,0.025630779564380646,333.0,
Energy_LJ_2scale,GNN_2LJ0.33_n1000_d3,-0.010925835929811,4.346793174743652,0.05,0.1,20,1e-06,2.5303592681884766,1000,0.05,20.0,9.999999999999999e-06,24.0,1.8409099578857422,-0.0006165941595099866,333.0,"[8, 4, 3]"
Energy_LJ_2scale,GNN_2LJ0.33_n1000_d3,0.07145044952630997,2.4434432983398438,0.05,0.1,20,1e-06,2.5303592681884766,1000,0.05,20.0,9.999999999999999e-06,32.0,2.120257616043091,0.08476085215806961,333.0,"[32, 16, 3]"
Energy_LJ_2scale,CG_2LJ0.25_n1000_d3,-0.07068699598312378,11.562070846557617,0.05,0.1,20,1e-06,2.5303592681884766,1000,0.5,20.0,9.999999999999999e-06,510.0,9.586739301681519,-0.018253279849886894,250.0,
Energy_LJ_2scale,GNN_2LJ0.25_n1000_d3,0.028331154957413673,4.287675142288208,0.05,0.1,20,1e-06,2.5303592681884766,1000,0.05,20.0,9.999999999999999e-06,22.0,1.8009319305419922,0.04339177533984184,250.0,"[8, 4, 3]"
Energy_LJ_2scale,GNN_2LJ0.25_n1000_d3,0.19391632080078125,2.320704936981201,0.05,0.1,20,1e-06,2.5303592681884766,1000,0.05,20.0,9.999999999999999e-06,27.0,1.9975647926330566,0.20942571759223938,250.0,"[32, 16, 3]"
Energy_LJ_2scale,CG_2LJ0.20_n1000_d3,-0.0922616571187973,10.459697723388672,0.05,0.1,20,1e-06,2.5303592681884766,1000,0.5,20.0,9.999999999999999e-06,495.0,9.35895562171936,-0.05262424051761627,200.0,
Energy_LJ_2scale,GNN_2LJ0.20_n1000_d3,-0.010033611208200455,3.102318286895752,0.05,0.1,20,1e-06,2.5303592681884766,1000,0.05,20.0,9.999999999999999e-06,33.0,2.0181050300598145,-0.0003079641901422292,200.0,"[8, 4, 3]"
Energy_LJ_2scale,GNN_2LJ0.20_n1000_d3,-0.01424377504736185,3.8369357585906982,0.05,0.1,20,1e-06,2.5303592681884766,1000,0.05,20.0,9.999999999999999e-06,26.0,1.95835280418396,0.00013906173990108073,200.0,"[32, 16, 3]"
Energy_LJ_2scale,GD_2LJ_n1000_d3,-0.00394598999992013,2.4000866413116455,0.05,0.1,20,1e-07,2.5303592681884766,1000,,,,,,,,
Energy_LJ_2scale,CG_2LJ0.33_n1000_d3,0.13600385189056396,15.65164041519165,0.05,0.1,20,1e-07,2.5303592681884766,1000,0.05,20.0,1e-06,823.0,14.266390323638916,0.15444262325763702,333.0,
Energy_LJ_2scale,GNN_2LJ0.33_n1000_d3,0.04516942799091339,5.728881359100342,0.05,0.1,20,1e-07,2.5303592681884766,1000,0.005,20.0,1e-06,161.0,4.612169981002808,0.05064137652516365,333.0,"[8, 4, 3]"
Energy_LJ_2scale,GNN_2LJ0.33_n1000_d3,-0.027303894981741905,4.712398052215576,0.05,0.1,20,1e-07,2.5303592681884766,1000,0.005,20.0,1e-06,29.0,2.0304839611053467,-0.0012939481530338526,333.0,"[32, 16, 3]"
Energy_LJ_2scale,CG_2LJ0.25_n1000_d3,0.4726959764957428,18.477807998657227,0.05,0.1,20,1e-07,2.5303592681884766,1000,0.05,20.0,1e-06,994.0,17.207709550857544,0.49856817722320557,250.0,
Energy_LJ_2scale,GNN_2LJ0.25_n1000_d3,0.49917981028556824,16.15006685256958,0.05,0.1,20,1e-07,2.5303592681884766,1000,0.005,20.0,1e-06,619.0,13.843321561813354,0.4988325536251068,250.0,"[8, 4, 3]"
Energy_LJ_2scale,GNN_2LJ0.25_n1000_d3,-0.024172019213438034,4.302514314651489,0.05,0.1,20,1e-07,2.5303592681884766,1000,0.005,20.0,1e-06,37.0,2.2065658569335938,-0.005265375599265099,250.0,"[32, 16, 3]"
Energy_LJ_2scale,CG_2LJ0.20_n1000_d3,0.3928525745868683,15.008668899536133,0.05,0.1,20,1e-07,2.5303592681884766,1000,0.05,20.0,1e-06,768.0,13.62829041481018,0.4248476028442383,200.0,
Energy_LJ_2scale,GNN_2LJ0.20_n1000_d3,0.14256609976291656,18.823233604431152,0.05,0.1,20,1e-07,2.5303592681884766,1000,0.005,20.0,1e-06,762.0,16.69528579711914,0.14220552146434784,200.0,"[8, 4, 3]"
Energy_LJ_2scale,GNN_2LJ0.20_n1000_d3,-0.028822781518101692,3.9726297855377197,0.05,0.1,20,1e-07,2.5303592681884766,1000,0.005,20.0,1e-06,29.0,2.0309805870056152,0.00537251029163599,200.0,"[32, 16, 3]"
Energy_LJ_2scale,CG_2LJ0.33_n1000_d3,-0.009064293466508389,4.221215009689331,0.05,0.1,20,1e-07,2.5303592681884766,1000,0.5,20.0,1e-06,86.0,2.8999409675598145,0.022694705054163933,333.0,
Energy_LJ_2scale,GNN_2LJ0.33_n1000_d3,-0.014201462268829346,3.8531692028045654,0.05,0.1,20,1e-07,2.5303592681884766,1000,0.05,20.0,1e-06,29.0,1.9495396614074707,0.0007491606520488858,333.0,"[8, 4, 3]"
Energy_LJ_2scale,GNN_2LJ0.33_n1000_d3,-0.01137374434620142,5.705984830856323,0.05,0.1,20,1e-07,2.5303592681884766,1000,0.05,20.0,1e-06,25.0,1.9321348667144775,-2.109371416736394e-05,333.0,"[32, 16, 3]"
Energy_LJ_2scale,CG_2LJ0.25_n1000_d3,-0.06505300104618073,13.927706718444824,0.05,0.1,20,1e-07,2.5303592681884766,1000,0.5,20.0,1e-06,641.0,11.660386323928833,-0.01793516054749489,250.0,
Energy_LJ_2scale,GNN_2LJ0.25_n1000_d3,-0.0072171008214354515,2.1889469623565674,0.05,0.1,20,1e-07,2.5303592681884766,1000,0.05,20.0,1e-06,27.0,1.901282548904419,0.0026839645579457283,250.0,"[8, 4, 3]"
Energy_LJ_2scale,GNN_2LJ0.25_n1000_d3,0.02479194849729538,2.3311116695404053,0.05,0.1,20,1e-07,2.5303592681884766,1000,0.05,20.0,1e-06,28.0,2.006190061569214,0.04171084612607956,250.0,"[32, 16, 3]"
Energy_LJ_2scale,CG_2LJ0.20_n1000_d3,-0.08011997491121292,13.741010427474976,0.05,0.1,20,1e-07,2.5303592681884766,1000,0.5,20.0,1e-06,689.0,12.551419019699097,-0.03592483699321747,200.0,
Energy_LJ_2scale,GNN_2LJ0.20_n1000_d3,0.028417207300662994,2.122612714767456,0.05,0.1,20,1e-07,2.5303592681884766,1000,0.05,20.0,1e-06,24.0,1.836942434310913,0.04608168452978134,200.0,"[8, 4, 3]"
Energy_LJ_2scale,GNN_2LJ0.20_n1000_d3,0.06988424062728882,2.3717153072357178,0.05,0.1,20,1e-07,2.5303592681884766,1000,0.05,20.0,1e-06,30.0,2.0464391708374023,0.08455955237150192,200.0,"[32, 16, 3]"
Energy_LJ_2scale,GD_2LJ_n1000_d3,-0.007725877687335014,7.171780824661255,0.02,0.1,20,1e-06,2.5303592681884766,1000,,,,,,,,
Energy_LJ_2scale,CG_2LJ0.33_n1000_d3,0.1744600534439087,30.20112133026123,0.02,0.1,20,1e-06,2.5303592681884766,1000,0.02,20.0,9.999999999999999e-06,1089.0,18.713862895965576,0.19933606684207916,333.0,
Energy_LJ_2scale,GNN_2LJ0.33_n1000_d3,0.03912198916077614,20.530707120895386,0.02,0.1,20,1e-06,2.5303592681884766,1000,0.002,20.0,9.999999999999999e-06,461.0,10.876475095748901,0.042585402727127075,333.0,"[8, 4, 3]"
Energy_LJ_2scale,GNN_2LJ0.33_n1000_d3,-0.007701873779296875,9.795917272567749,0.02,0.1,20,1e-06,2.5303592681884766,1000,0.002,20.0,9.999999999999999e-06,60.0,2.7439167499542236,0.010328167118132114,333.0,"[32, 16, 3]"
Energy_LJ_2scale,CG_2LJ0.25_n1000_d3,0.4643439054489136,33.25645661354065,0.02,0.1,20,1e-06,2.5303592681884766,1000,0.02,20.0,9.999999999999999e-06,910.0,15.899638891220093,0.49897536635398865,250.0,
Energy_LJ_2scale,GNN_2LJ0.25_n1000_d3,0.04071242734789848,23.67518138885498,0.02,0.1,20,1e-06,2.5303592681884766,1000,0.002,20.0,9.999999999999999e-06,763.0,16.699631452560425,0.044086333364248276,250.0,"[8, 4, 3]"
Energy_LJ_2scale,GNN_2LJ0.25_n1000_d3,-0.05421627685427666,14.26340627670288,0.02,0.1,20,1e-06,2.5303592681884766,1000,0.002,20.0,9.999999999999999e-06,61.0,2.7651448249816895,-0.036189351230859756,250.0,"[32, 16, 3]"
Energy_LJ_2scale,CG_2LJ0.20_n1000_d3,0.4700598418712616,29.592756986618042,0.02,0.1,20,1e-06,2.5303592681884766,1000,0.02,20.0,9.999999999999999e-06,1138.0,19.483563899993896,0.507534921169281,200.0,
Energy_LJ_2scale,GNN_2LJ0.20_n1000_d3,0.01863516867160797,9.779427766799927,0.02,0.1,20,1e-06,2.5303592681884766,1000,0.002,20.0,9.999999999999999e-06,291.0,7.279813766479492,0.02137461118400097,200.0,"[8, 4, 3]"
Energy_LJ_2scale,GNN_2LJ0.20_n1000_d3,-0.04434782266616821,7.389972686767578,0.02,0.1,20,1e-06,2.5303592681884766,1000,0.002,20.0,9.999999999999999e-06,53.0,2.5760412216186523,-0.026354705914855003,200.0,"[32, 16, 3]"
Energy_LJ_2scale,CG_2LJ0.33_n1000_d3,-0.07508769631385803,30.365217685699463,0.02,0.1,20,1e-06,2.5303592681884766,1000,0.2,20.0,9.999999999999999e-06,463.0,8.888458251953125,-0.04586934298276901,333.0,
Energy_LJ_2scale,GNN_2LJ0.33_n1000_d3,0.0225258469581604,4.501703500747681,0.02,0.1,20,1e-06,2.5303592681884766,1000,0.02,20.0,9.999999999999999e-06,31.0,1.9904885292053223,0.03836521878838539,333.0,"[8, 4, 3]"
Energy_LJ_2scale,GNN_2LJ0.33_n1000_d3,-0.011944440193474293,4.564378499984741,0.02,0.1,20,1e-06,2.5303592681884766,1000,0.02,20.0,9.999999999999999e-06,24.0,1.923020601272583,0.00010839905007742345,333.0,"[32, 16, 3]"
Energy_LJ_2scale,CG_2LJ0.25_n1000_d3,0.3408122658729553,26.056625366210938,0.02,0.1,20,1e-06,2.5303592681884766,1000,0.2,20.0,9.999999999999999e-06,426.0,8.316317558288574,0.37546172738075256,250.0,
Energy_LJ_2scale,GNN_2LJ0.25_n1000_d3,0.027875561267137527,4.955363512039185,0.02,0.1,20,1e-06,2.5303592681884766,1000,0.02,20.0,9.999999999999999e-06,53.0,2.438248634338379,0.04183102399110794,250.0,"[8, 4, 3]"
Energy_LJ_2scale,GNN_2LJ0.25_n1000_d3,-0.0182421263307333,4.507004261016846,0.02,0.1,20,1e-06,2.5303592681884766,1000,0.02,20.0,9.999999999999999e-06,22.0,1.865713119506836,-6.915535777807236e-06,250.0,"[32, 16, 3]"
Energy_LJ_2scale,CG_2LJ0.20_n1000_d3,0.21353411674499512,25.195523977279663,0.02,0.1,20,1e-06,2.5303592681884766,1000,0.2,20.0,9.999999999999999e-06,484.0,9.262885570526123,0.2559996545314789,200.0,
Energy_LJ_2scale,GNN_2LJ0.20_n1000_d3,-0.02356005646288395,6.906112432479858,0.02,0.1,20,1e-06,2.5303592681884766,1000,0.02,20.0,9.999999999999999e-06,36.0,2.0888891220092773,-0.0027222828939557076,200.0,"[8, 4, 3]"
Energy_LJ_2scale,GNN_2LJ0.20_n1000_d3,-0.014375610277056694,4.5087714195251465,0.02,0.1,20,1e-06,2.5303592681884766,1000,0.02,20.0,9.999999999999999e-06,22.0,1.860334873199463,-0.00036496398388408124,200.0,"[32, 16, 3]"
Energy_LJ_2scale,GD_2LJ_n1000_d3,-0.006714914925396442,9.55046033859253,0.02,0.1,20,1e-07,2.5303592681884766,1000,,,,,,,,
Energy_LJ_2scale,CG_2LJ0.33_n1000_d3,0.17397741973400116,46.048381090164185,0.02,0.1,20,1e-07,2.5303592681884766,1000,0.02,20.0,1e-06,1373.0,23.11965537071228,0.19971217215061188,333.0,
Energy_LJ_2scale,GNN_2LJ0.33_n1000_d3,0.0779208093881607,19.79010581970215,0.02,0.1,20,1e-07,2.5303592681884766,1000,0.002,20.0,1e-06,567.0,12.826629400253296,0.08301577717065811,333.0,"[8, 4, 3]"
Energy_LJ_2scale,GNN_2LJ0.33_n1000_d3,0.0006617582985199988,9.630805492401123,0.02,0.1,20,1e-07,2.5303592681884766,1000,0.002,20.0,1e-06,55.0,2.617077350616455,0.019462570548057556,333.0,"[32, 16, 3]"
Energy_LJ_2scale,CG_2LJ0.25_n1000_d3,0.4636508524417877,47.735750913619995,0.02,0.1,20,1e-07,2.5303592681884766,1000,0.02,20.0,1e-06,1332.0,22.44661545753479,0.49857231974601746,250.0,
Energy_LJ_2scale,GNN_2LJ0.25_n1000_d3,0.1329757571220398,16.235535383224487,0.02,0.1,20,1e-07,2.5303592681884766,1000,0.002,20.0,1e-06,618.0,13.730677127838135,0.13442783057689667,250.0,"[8, 4, 3]"
Energy_LJ_2scale,GNN_2LJ0.25_n1000_d3,-0.05511968210339546,7.159131288528442,0.02,0.1,20,1e-07,2.5303592681884766,1000,0.002,20.0,1e-06,49.0,2.4868927001953125,-0.03763899579644203,250.0,"[32, 16, 3]"
Energy_LJ_2scale,CG_2LJ0.20_n1000_d3,0.4683716297149658,44.488399028778076,0.02,0.1,20,1e-07,2.5303592681884766,1000,0.02,20.0,1e-06,1581.0,26.38642907142639,0.5076308250427246,200.0,
Energy_LJ_2scale,GNN_2LJ0.20_n1000_d3,0.08301051706075668,24.550662994384766,0.02,0.1,20,1e-07,2.5303592681884766,1000,0.002,20.0,1e-06,918.0,19.845481157302856,0.08387637138366699,200.0,"[8, 4, 3]"
Energy_LJ_2scale,GNN_2LJ0.20_n1000_d3,-0.04624544084072113,9.510583639144897,0.02,0.1,20,1e-07,2.5303592681884766,1000,0.002,20.0,1e-06,49.0,2.480783462524414,-0.024656139314174652,200.0,"[32, 16, 3]"
Energy_LJ_2scale,CG_2LJ0.33_n1000_d3,0.02041757106781006,27.58382558822632,0.02,0.1,20,1e-07,2.5303592681884766,1000,0.2,20.0,1e-06,508.0,9.57206654548645,0.0578230656683445,333.0,
Energy_LJ_2scale,GNN_2LJ0.33_n1000_d3,0.04130113869905472,4.73209285736084,0.02,0.1,20,1e-07,2.5303592681884766,1000,0.02,20.0,1e-06,43.0,2.2282748222351074,0.06122070550918579,333.0,"[8, 4, 3]"
Energy_LJ_2scale,GNN_2LJ0.33_n1000_d3,-0.01302217599004507,5.023771524429321,0.02,0.1,20,1e-07,2.5303592681884766,1000,0.02,20.0,1e-06,44.0,2.391659736633301,0.00016015964502003044,333.0,"[32, 16, 3]"
Energy_LJ_2scale,CG_2LJ0.25_n1000_d3,0.3379511535167694,31.453047275543213,0.02,0.1,20,1e-07,2.5303592681884766,1000,0.2,20.0,1e-06,511.0,9.60920763015747,0.3718131184577942,250.0,
Energy_LJ_2scale,GNN_2LJ0.25_n1000_d3,-0.029538029804825783,7.582608222961426,0.02,0.1,20,1e-07,2.5303592681884766,1000,0.02,20.0,1e-06,73.0,2.8289198875427246,-0.015441367402672768,250.0,"[8, 4, 3]"
Energy_LJ_2scale,GNN_2LJ0.25_n1000_d3,-0.015957951545715332,10.229064464569092,0.02,0.1,20,1e-07,2.5303592681884766,1000,0.02,20.0,1e-06,83.0,3.2717537879943848,3.864045720547438e-05,250.0,"[32, 16, 3]"
Energy_LJ_2scale,CG_2LJ0.20_n1000_d3,0.21292553842067719,29.579680919647217,0.02,0.1,20,1e-07,2.5303592681884766,1000,0.2,20.0,1e-06,600.0,11.109917640686035,0.25269025564193726,200.0,
Energy_LJ_2scale,GNN_2LJ0.20_n1000_d3,-0.023432772606611252,4.502206802368164,0.02,0.1,20,1e-07,2.5303592681884766,1000,0.02,20.0,1e-06,30.0,1.9563636779785156,-0.005933655425906181,200.0,"[8, 4, 3]"
Energy_LJ_2scale,GNN_2LJ0.20_n1000_d3,-0.0177047997713089,11.24437403678894,0.02,0.1,20,1e-07,2.5303592681884766,1000,0.02,20.0,1e-06,25.0,1.960740089416504,-8.95807461347431e-05,200.0,"[32, 16, 3]"
Energy_LJ_2scale,GD_2LJ_n1000_d3,-0.005569420289248228,11.768230199813843,0.01,0.1,20,1e-06,2.5303592681884766,1000,,,,,,,,
Energy_LJ_2scale,CG_2LJ0.33_n1000_d3,0.21691785752773285,31.612657070159912,0.01,0.1,20,1e-06,2.5303592681884766,1000,0.01,20.0,9.999999999999999e-06,1340.0,22.354779720306396,0.24132975935935974,333.0,
Energy_LJ_2scale,GNN_2LJ0.33_n1000_d3,0.012668073177337646,22.70650029182434,0.01,0.1,20,1e-06,2.5303592681884766,1000,0.001,20.0,9.999999999999999e-06,470.0,11.112010478973389,0.016225900501012802,333.0,"[8, 4, 3]"
Energy_LJ_2scale,GNN_2LJ0.33_n1000_d3,-0.009820493869483471,9.370179653167725,0.01,0.1,20,1e-06,2.5303592681884766,1000,0.001,20.0,9.999999999999999e-06,147.0,4.568321466445923,-0.002282259054481983,333.0,"[32, 16, 3]"
Energy_LJ_2scale,CG_2LJ0.25_n1000_d3,0.5479442477226257,49.49934363365173,0.01,0.1,20,1e-06,2.5303592681884766,1000,0.01,20.0,9.999999999999999e-06,1567.0,26.417680740356445,0.581938624382019,250.0,
Energy_LJ_2scale,GNN_2LJ0.25_n1000_d3,0.008658071979880333,22.69588351249695,0.01,0.1,20,1e-06,2.5303592681884766,1000,0.001,20.0,9.999999999999999e-06,593.0,13.436301708221436,0.01136856246739626,250.0,"[8, 4, 3]"
Energy_LJ_2scale,GNN_2LJ0.25_n1000_d3,-0.027540838345885277,12.259236812591553,0.01,0.1,20,1e-06,2.5303592681884766,1000,0.001,20.0,9.999999999999999e-06,184.0,5.216506242752075,-0.020255090668797493,250.0,"[32, 16, 3]"
Energy_LJ_2scale,CG_2LJ0.20_n1000_d3,0.5540956258773804,40.83622431755066,0.01,0.1,20,1e-06,2.5303592681884766,1000,0.01,20.0,9.999999999999999e-06,1442.0,24.572533130645752,0.5929856300354004,200.0,
Energy_LJ_2scale,GNN_2LJ0.20_n1000_d3,0.035232651978731155,21.714447259902954,0.01,0.1,20,1e-06,2.5303592681884766,1000,0.001,20.0,9.999999999999999e-06,766.0,16.894896507263184,0.0363115631043911,200.0,"[8, 4, 3]"
Energy_LJ_2scale,GNN_2LJ0.20_n1000_d3,-0.060260336846113205,6.9882729053497314,0.01,0.1,20,1e-06,2.5303592681884766,1000,0.001,20.0,9.999999999999999e-06,140.0,4.4431469440460205,-0.05395418033003807,200.0,"[32, 16, 3]"
Energy_LJ_2scale,CG_2LJ0.33_n1000_d3,0.044861212372779846,27.650402307510376,0.01,0.1,20,1e-06,2.5303592681884766,1000,0.1,20.0,9.999999999999999e-06,623.0,11.403648853302002,0.07022949308156967,333.0,
Energy_LJ_2scale,GNN_2LJ0.33_n1000_d3,0.08451586961746216,9.539478302001953,0.01,0.1,20,1e-06,2.5303592681884766,1000,0.01,20.0,9.999999999999999e-06,51.0,2.4018921852111816,0.10443222522735596,333.0,"[8, 4, 3]"
Energy_LJ_2scale,GNN_2LJ0.33_n1000_d3,-0.019570138305425644,4.56238579750061,0.01,0.1,20,1e-06,2.5303592681884766,1000,0.01,20.0,9.999999999999999e-06,25.0,1.9351723194122314,-0.0005324679659679532,333.0,"[32, 16, 3]"
Energy_LJ_2scale,CG_2LJ0.25_n1000_d3,0.3796333968639374,33.37893009185791,0.01,0.1,20,1e-06,2.5303592681884766,1000,0.1,20.0,9.999999999999999e-06,642.0,11.86941385269165,0.41478782892227173,250.0,
Energy_LJ_2scale,GNN_2LJ0.25_n1000_d3,0.029994159936904907,9.570122003555298,0.01,0.1,20,1e-06,2.5303592681884766,1000,0.01,20.0,9.999999999999999e-06,164.0,4.657612085342407,0.039479028433561325,250.0,"[8, 4, 3]"
Energy_LJ_2scale,GNN_2LJ0.25_n1000_d3,0.026783892884850502,2.177076816558838,0.01,0.1,20,1e-06,2.5303592681884766,1000,0.01,20.0,9.999999999999999e-06,21.0,1.837822675704956,0.04137575998902321,250.0,"[32, 16, 3]"
Energy_LJ_2scale,CG_2LJ0.20_n1000_d3,0.2582395672798157,27.508306741714478,0.01,0.1,20,1e-06,2.5303592681884766,1000,0.1,20.0,9.999999999999999e-06,615.0,11.154043197631836,0.2982199490070343,200.0,
Energy_LJ_2scale,GNN_2LJ0.20_n1000_d3,0.13219042122364044,15.600086688995361,0.01,0.1,20,1e-06,2.5303592681884766,1000,0.01,20.0,9.999999999999999e-06,132.0,4.1212239265441895,0.1466851532459259,200.0,"[8, 4, 3]"
Energy_LJ_2scale,GNN_2LJ0.20_n1000_d3,-0.012796354480087757,4.667709112167358,0.01,0.1,20,1e-06,2.5303592681884766,1000,0.01,20.0,9.999999999999999e-06,28.0,2.021304130554199,0.003508553607389331,200.0,"[32, 16, 3]"
Energy_LJ_2scale,GD_2LJ_n1000_d3,-0.007464648690074682,7.272724151611328,0.01,0.1,20,1e-07,2.5303592681884766,1000,,,,,,,,
Energy_LJ_2scale,CG_2LJ0.33_n1000_d3,0.2167494297027588,44.49407625198364,0.01,0.1,20,1e-07,2.5303592681884766,1000,0.01,20.0,1e-06,1970.0,32.86108350753784,0.24175533652305603,333.0,
Energy_LJ_2scale,GNN_2LJ0.33_n1000_d3,0.036147601902484894,34.29618740081787,0.01,0.1,20,1e-07,2.5303592681884766,1000,0.001,20.0,1e-06,1065.0,22.809133291244507,0.03790401667356491,333.0,"[8, 4, 3]"
Energy_LJ_2scale,GNN_2LJ0.33_n1000_d3,-0.05845560133457184,10.781231880187988,0.01,0.1,20,1e-07,2.5303592681884766,1000,0.001,20.0,1e-06,219.0,6.021430015563965,-0.05258029326796532,333.0,"[32, 16, 3]"
Energy_LJ_2scale,CG_2LJ0.25_n1000_d3,0.5492329001426697,50.89686155319214,0.01,0.1,20,1e-07,2.5303592681884766,1000,0.01,20.0,1e-06,2400.0,39.57468366622925,0.5818800926208496,250.0,
Energy_LJ_2scale,GNN_2LJ0.25_n1000_d3,0.6169508695602417,43.75089120864868,0.01,0.1,20,1e-07,2.5303592681884766,1000,0.001,20.0,1e-06,1520.0,32.1233229637146,0.6212843656539917,250.0,"[8, 4, 3]"
Energy_LJ_2scale,GNN_2LJ0.25_n1000_d3,-0.059417907148599625,8.289278984069824,0.01,0.1,20,1e-07,2.5303592681884766,1000,0.001,20.0,1e-06,207.0,5.752767562866211,-0.05412788689136505,250.0,"[32, 16, 3]"
Energy_LJ_2scale,CG_2LJ0.20_n1000_d3,0.5534602403640747,48.81938624382019,0.01,0.1,20,1e-07,2.5303592681884766,1000,0.01,20.0,1e-06,2096.0,34.914639949798584,0.5923232436180115,200.0,
Energy_LJ_2scale,GNN_2LJ0.20_n1000_d3,0.028255367651581764,28.541600227355957,0.01,0.1,20,1e-07,2.5303592681884766,1000,0.001,20.0,1e-06,767.0,16.984759092330933,0.03131673112511635,200.0,"[8, 4, 3]"
Energy_LJ_2scale,GNN_2LJ0.20_n1000_d3,-0.011070595122873783,12.23362684249878,0.01,0.1,20,1e-07,2.5303592681884766,1000,0.001,20.0,1e-06,286.0,7.444127798080444,-0.006166289560496807,200.0,"[32, 16, 3]"
Energy_LJ_2scale,CG_2LJ0.33_n1000_d3,0.08348193764686584,40.217358350753784,0.01,0.1,20,1e-07,2.5303592681884766,1000,0.1,20.0,1e-06,418.0,8.120733737945557,0.11197559535503387,333.0,
Energy_LJ_2scale,GNN_2LJ0.33_n1000_d3,0.02993035688996315,7.999653100967407,0.01,0.1,20,1e-07,2.5303592681884766,1000,0.01,20.0,1e-06,69.0,2.835329055786133,0.046504613012075424,333.0,"[8, 4, 3]"
Energy_LJ_2scale,GNN_2LJ0.33_n1000_d3,0.024331074208021164,7.1351158618927,0.01,0.1,20,1e-07,2.5303592681884766,1000,0.01,20.0,1e-06,27.0,2.003221035003662,0.040913891047239304,333.0,"[32, 16, 3]"
Energy_LJ_2scale,CG_2LJ0.25_n1000_d3,0.3792891800403595,47.757538080215454,0.01,0.1,20,1e-07,2.5303592681884766,1000,0.1,20.0,1e-06,624.0,11.517783403396606,0.41482609510421753,250.0,
Energy_LJ_2scale,GNN_2LJ0.25_n1000_d3,0.05656823143362999,16.13027834892273,0.01,0.1,20,1e-07,2.5303592681884766,1000,0.01,20.0,1e-06,609.0,13.60705828666687,0.057236503809690475,250.0,"[8, 4, 3]"
Energy_LJ_2scale,GNN_2LJ0.25_n1000_d3,-0.01974719576537609,9.233504056930542,0.01,0.1,20,1e-07,2.5303592681884766,1000,0.01,20.0,1e-06,29.0,2.022338390350342,-0.002844325266778469,250.0,"[32, 16, 3]"
Energy_LJ_2scale,CG_2LJ0.20_n1000_d3,0.25803783535957336,34.35978150367737,0.01,0.1,20,1e-07,2.5303592681884766,1000,0.1,20.0,1e-06,1041.0,18.181918382644653,0.29753997921943665,200.0,
Energy_LJ_2scale,GNN_2LJ0.20_n1000_d3,-0.04778183251619339,8.234422445297241,0.01,0.1,20,1e-07,2.5303592681884766,1000,0.01,20.0,1e-06,101.0,3.419079303741455,-0.028070179745554924,200.0,"[8, 4, 3]"
Energy_LJ_2scale,GNN_2LJ0.20_n1000_d3,0.02216034010052681,6.937665939331055,0.01,0.1,20,1e-07,2.5303592681884766,1000,0.01,20.0,1e-06,26.0,1.9554219245910645,0.06708110123872757,200.0,"[32, 16, 3]"
Energy_LJ_2scale,GD_2LJ_n1000_d3,-0.00346467480994761,2.145811080932617,0.05,0.1,20,1e-06,2.5303592681884766,1000,,,,,,,,
Energy_LJ_2scale,CG_2LJ0.33_n1000_d3,0.1347675621509552,15.290318250656128,0.05,0.1,20,1e-06,2.5303592681884766,1000,0.05,20.0,9.999999999999999e-06,772.0,13.533131122589111,0.15224988758563995,333.0,
Energy_LJ_2scale,GNN_2LJ0.33_n1000_d3,0.16575400531291962,5.604468107223511,0.05,0.1,20,1e-06,2.5303592681884766,1000,0.005,20.0,9.999999999999999e-06,140.0,4.2344324588775635,0.1752619445323944,333.0,"[8, 4, 3]"
Energy_LJ_2scale,GNN_2LJ0.33_n1000_d3,-0.02569718100130558,3.5937600135803223,0.05,0.1,20,1e-06,2.5303592681884766,1000,0.005,20.0,9.999999999999999e-06,45.0,2.3981876373291016,-0.005959201138466597,333.0,"[32, 16, 3]"
Energy_LJ_2scale,CG_2LJ0.25_n1000_d3,0.47289177775382996,16.961467742919922,0.05,0.1,20,1e-06,2.5303592681884766,1000,0.05,20.0,9.999999999999999e-06,881.0,15.57570195198059,0.4979413151741028,250.0,
Energy_LJ_2scale,GNN_2LJ0.25_n1000_d3,0.055273257195949554,11.402475357055664,0.05,0.1,20,1e-06,2.5303592681884766,1000,0.005,20.0,9.999999999999999e-06,406.0,9.576153755187988,0.05701304227113724,250.0,"[8, 4, 3]"
Energy_LJ_2scale,GNN_2LJ0.25_n1000_d3,-0.02032705582678318,4.2137556076049805,0.05,0.1,20,1e-06,2.5303592681884766,1000,0.005,20.0,9.999999999999999e-06,61.0,2.764744520187378,-0.0019278274849057198,250.0,"[32, 16, 3]"
Energy_LJ_2scale,CG_2LJ0.20_n1000_d3,0.3928334414958954,16.069037675857544,0.05,0.1,20,1e-06,2.5303592681884766,1000,0.05,20.0,9.999999999999999e-06,807.0,14.618759393692017,0.42454957962036133,200.0,
Energy_LJ_2scale,GNN_2LJ0.20_n1000_d3,0.016056455671787262,12.534713983535767,0.05,0.1,20,1e-06,2.5303592681884766,1000,0.005,20.0,9.999999999999999e-06,469.0,10.887467861175537,0.016294648870825768,200.0,"[8, 4, 3]"
Energy_LJ_2scale,GNN_2LJ0.20_n1000_d3,0.007020649034529924,4.501735210418701,0.05,0.1,20,1e-06,2.5303592681884766,1000,0.005,20.0,9.999999999999999e-06,33.0,2.121018171310425,0.02701743319630623,200.0,"[32, 16, 3]"
Energy_LJ_2scale,CG_2LJ0.33_n1000_d3,-0.04083700105547905,4.899918556213379,0.05,0.1,20,1e-06,2.5303592681884766,1000,0.5,20.0,9.999999999999999e-06,130.0,3.6585679054260254,-0.000543402333278209,333.0,
Energy_LJ_2scale,GNN_2LJ0.33_n1000_d3,-0.011143322102725506,4.3623948097229,0.05,0.1,20,1e-06,2.5303592681884766,1000,0.05,20.0,9.999999999999999e-06,29.0,1.94573974609375,0.0016644897405058146,333.0,"[8, 4, 3]"
Energy_LJ_2scale,GNN_2LJ0.33_n1000_d3,0.15537697076797485,2.4150261878967285,0.05,0.1,20,1e-06,2.5303592681884766,1000,0.05,20.0,9.999999999999999e-06,32.0,2.0912368297576904,0.12581191956996918,333.0,"[32, 16, 3]"
Energy_LJ_2scale,CG_2LJ0.25_n1000_d3,-0.06854916363954544,11.953710794448853,0.05,0.1,20,1e-06,2.5303592681884766,1000,0.5,20.0,9.999999999999999e-06,509.0,9.652410745620728,-0.012447364628314972,250.0,
Energy_LJ_2scale,GNN_2LJ0.25_n1000_d3,-0.004067528527230024,3.137075424194336,0.05,0.1,20,1e-06,2.5303592681884766,1000,0.05,20.0,9.999999999999999e-06,39.0,2.1511096954345703,0.0038159070536494255,250.0,"[8, 4, 3]"
Energy_LJ_2scale,GNN_2LJ0.25_n1000_d3,0.15460672974586487,2.4871933460235596,0.05,0.1,20,1e-06,2.5303592681884766,1000,0.05,20.0,9.999999999999999e-06,35.0,2.1630024909973145,0.2126377820968628,250.0,"[32, 16, 3]"
Energy_LJ_2scale,CG_2LJ0.20_n1000_d3,-0.07450499385595322,16.443729877471924,0.05,0.1,20,1e-06,2.5303592681884766,1000,0.5,20.0,9.999999999999999e-06,862.0,15.215173959732056,-0.02226330153644085,200.0,
Energy_LJ_2scale,GNN_2LJ0.20_n1000_d3,-0.01038256287574768,3.3275623321533203,0.05,0.1,20,1e-06,2.5303592681884766,1000,0.05,20.0,9.999999999999999e-06,27.0,1.9056916236877441,0.005415436811745167,200.0,"[8, 4, 3]"
Energy_LJ_2scale,GNN_2LJ0.20_n1000_d3,-0.016845550388097763,4.588449001312256,0.05,0.1,20,1e-06,2.5303592681884766,1000,0.05,20.0,9.999999999999999e-06,23.0,1.886765480041504,9.634967864258215e-05,200.0,"[32, 16, 3]"
Energy_LJ_2scale,GD_2LJ_n1000_d3,-0.001117074629291892,1.7479991912841797,0.05,0.1,20,1e-07,2.5303592681884766,1000,,,,,,,,
Energy_LJ_2scale,CG_2LJ0.33_n1000_d3,0.13466820120811462,15.148534536361694,0.05,0.1,20,1e-07,2.5303592681884766,1000,0.05,20.0,1e-06,766.0,13.499623775482178,0.15308716893196106,333.0,
Energy_LJ_2scale,GNN_2LJ0.33_n1000_d3,0.04732651263475418,7.4816930294036865,0.05,0.1,20,1e-07,2.5303592681884766,1000,0.005,20.0,1e-06,181.0,5.050564289093018,0.05418337509036064,333.0,"[8, 4, 3]"
Energy_LJ_2scale,GNN_2LJ0.33_n1000_d3,-0.023130767047405243,5.879117965698242,0.05,0.1,20,1e-07,2.5303592681884766,1000,0.005,20.0,1e-06,47.0,2.4655649662017822,-0.0034211049787700176,333.0,"[32, 16, 3]"
Energy_LJ_2scale,CG_2LJ0.25_n1000_d3,0.47160300612449646,19.719931602478027,0.05,0.1,20,1e-07,2.5303592681884766,1000,0.05,20.0,1e-06,1058.0,18.354195594787598,0.49725213646888733,250.0,
Energy_LJ_2scale,GNN_2LJ0.25_n1000_d3,0.47640377283096313,17.96411442756653,0.05,0.1,20,1e-07,2.5303592681884766,1000,0.005,20.0,1e-06,766.0,16.88389015197754,0.4766062796115875,250.0,"[8, 4, 3]"
Energy_LJ_2scale,GNN_2LJ0.25_n1000_d3,0.06058242544531822,3.382246494293213,0.05,0.1,20,1e-07,2.5303592681884766,1000,0.005,20.0,1e-06,32.0,2.093627691268921,0.0785500630736351,250.0,"[32, 16, 3]"
Energy_LJ_2scale,CG_2LJ0.20_n1000_d3,0.3924958407878876,16.325598001480103,0.05,0.1,20,1e-07,2.5303592681884766,1000,0.05,20.0,1e-06,850.0,15.044616460800171,0.42421838641166687,200.0,
Energy_LJ_2scale,GNN_2LJ0.20_n1000_d3,-0.0138196786865592,11.992031574249268,0.05,0.1,20,1e-07,2.5303592681884766,1000,0.005,20.0,1e-06,387.0,9.164959907531738,-0.012054466642439365,200.0,"[8, 4, 3]"
Energy_LJ_2scale,GNN_2LJ0.20_n1000_d3,-0.02115529030561447,3.3033132553100586,0.05,0.1,20,1e-07,2.5303592681884766,1000,0.005,20.0,1e-06,37.0,2.208486557006836,-0.0029471663292497396,200.0,"[32, 16, 3]"
Energy_LJ_2scale,CG_2LJ0.33_n1000_d3,-0.05380287766456604,9.2356698513031,0.05,0.1,20,1e-07,2.5303592681884766,1000,0.5,20.0,1e-06,314.0,6.570340156555176,-0.007598781026899815,333.0,
Energy_LJ_2scale,GNN_2LJ0.33_n1000_d3,0.010768686421215534,2.623734951019287,0.05,0.1,20,1e-07,2.5303592681884766,1000,0.05,20.0,1e-06,48.0,2.33614444732666,0.01619056798517704,333.0,"[8, 4, 3]"
Energy_LJ_2scale,GNN_2LJ0.33_n1000_d3,0.0678049623966217,2.1867635250091553,0.05,0.1,20,1e-07,2.5303592681884766,1000,0.05,20.0,1e-06,22.0,1.8639395236968994,0.08896536380052567,333.0,"[32, 16, 3]"
Energy_LJ_2scale,CG_2LJ0.25_n1000_d3,-0.07091321796178818,9.91486382484436,0.05,0.1,20,1e-07,2.5303592681884766,1000,0.5,20.0,1e-06,461.0,8.795270204544067,-0.015730684623122215,250.0,
Energy_LJ_2scale,GNN_2LJ0.25_n1000_d3,0.03069048561155796,2.4552161693573,0.05,0.1,20,1e-07,2.5303592681884766,1000,0.05,20.0,1e-06,40.0,2.1678922176361084,0.041850488632917404,250.0,"[8, 4, 3]"
Energy_LJ_2scale,GNN_2LJ0.25_n1000_d3,0.15164875984191895,2.399125099182129,0.05,0.1,20,1e-07,2.5303592681884766,1000,0.05,20.0,1e-06,30.0,2.0749294757843018,0.1716783344745636,250.0,"[32, 16, 3]"
Energy_LJ_2scale,CG_2LJ0.20_n1000_d3,-0.08455321192741394,12.406033039093018,0.05,0.1,20,1e-07,2.5303592681884766,1000,0.5,20.0,1e-06,530.0,9.928515195846558,-0.03265475109219551,200.0,
Energy_LJ_2scale,GNN_2LJ0.20_n1000_d3,0.0007764766342006624,3.0349526405334473,0.05,0.1,20,1e-07,2.5303592681884766,1000,0.05,20.0,1e-06,68.0,2.7386605739593506,0.004056531470268965,200.0,"[8, 4, 3]"
Energy_LJ_2scale,GNN_2LJ0.20_n1000_d3,0.3658789396286011,2.737912178039551,0.05,0.1,20,1e-07,2.5303592681884766,1000,0.05,20.0,1e-06,46.0,2.4156527519226074,0.37694329023361206,200.0,"[32, 16, 3]"
Energy_LJ_2scale,GD_2LJ_n1000_d3,-0.00529656745493412,7.110527276992798,0.02,0.1,20,1e-06,2.5303592681884766,1000,,,,,,,,
Energy_LJ_2scale,CG_2LJ0.33_n1000_d3,0.17396925389766693,36.86313056945801,0.02,0.1,20,1e-06,2.5303592681884766,1000,0.02,20.0,9.999999999999999e-06,991.0,17.446385860443115,0.1995926797389984,333.0,
Energy_LJ_2scale,GNN_2LJ0.33_n1000_d3,-0.07121183723211288,12.562221050262451,0.02,0.1,20,1e-06,2.5303592681884766,1000,0.002,20.0,9.999999999999999e-06,315.0,7.7380218505859375,-0.06823213398456573,333.0,"[8, 4, 3]"
Energy_LJ_2scale,GNN_2LJ0.33_n1000_d3,-0.039384204894304276,8.598514556884766,0.02,0.1,20,1e-06,2.5303592681884766,1000,0.002,20.0,9.999999999999999e-06,110.0,3.739501714706421,-0.021898595616221428,333.0,"[32, 16, 3]"
Energy_LJ_2scale,CG_2LJ0.25_n1000_d3,0.4637327194213867,36.276817083358765,0.02,0.1,20,1e-06,2.5303592681884766,1000,0.02,20.0,9.999999999999999e-06,919.0,16.20107936859131,0.4989142119884491,250.0,
Energy_LJ_2scale,GNN_2LJ0.25_n1000_d3,0.15815512835979462,16.149920225143433,0.02,0.1,20,1e-06,2.5303592681884766,1000,0.002,20.0,9.999999999999999e-06,468.0,11.273002624511719,0.1596880853176117,250.0,"[8, 4, 3]"
Energy_LJ_2scale,GNN_2LJ0.25_n1000_d3,-0.04001554474234581,11.9265718460083,0.02,0.1,20,1e-06,2.5303592681884766,1000,0.002,20.0,9.999999999999999e-06,54.0,2.5993077754974365,-0.021690838038921356,250.0,"[32, 16, 3]"
Energy_LJ_2scale,CG_2LJ0.20_n1000_d3,0.4682902991771698,34.481454372406006,0.02,0.1,20,1e-06,2.5303592681884766,1000,0.02,20.0,9.999999999999999e-06,950.0,16.570516109466553,0.5087378025054932,200.0,
Energy_LJ_2scale,GNN_2LJ0.20_n1000_d3,0.1708565056324005,13.062933206558228,0.02,0.1,20,1e-06,2.5303592681884766,1000,0.002,20.0,9.999999999999999e-06,336.0,8.291832685470581,0.1746506690979004,200.0,"[8, 4, 3]"
Energy_LJ_2scale,GNN_2LJ0.20_n1000_d3,0.052295733243227005,12.29965877532959,0.02,0.1,20,1e-06,2.5303592681884766,1000,0.002,20.0,9.999999999999999e-06,72.0,3.0340874195098877,0.06989605724811554,200.0,"[32, 16, 3]"
Energy_LJ_2scale,CG_2LJ0.33_n1000_d3,0.09532072395086288,16.01130223274231,0.02,0.1,20,1e-06,2.5303592681884766,1000,0.2,20.0,9.999999999999999e-06,303.0,6.480403900146484,0.13009686768054962,333.0,
Energy_LJ_2scale,GNN_2LJ0.33_n1000_d3,-0.017887119203805923,5.6250386238098145,0.02,0.1,20,1e-06,2.5303592681884766,1000,0.02,20.0,9.999999999999999e-06,76.0,2.9849276542663574,-0.003650024300441146,333.0,"[8, 4, 3]"
Energy_LJ_2scale,GNN_2LJ0.33_n1000_d3,-0.014074867591261864,4.548557758331299,0.02,0.1,20,1e-06,2.5303592681884766,1000,0.02,20.0,9.999999999999999e-06,23.0,1.9095070362091064,0.0001625060976948589,333.0,"[32, 16, 3]"
Energy_LJ_2scale,CG_2LJ0.25_n1000_d3,0.33955657482147217,24.010726928710938,0.02,0.1,20,1e-06,2.5303592681884766,1000,0.2,20.0,9.999999999999999e-06,625.0,11.925524711608887,0.3713206350803375,250.0,
Energy_LJ_2scale,GNN_2LJ0.25_n1000_d3,-0.019489433616399765,5.33907413482666,0.02,0.1,20,1e-06,2.5303592681884766,1000,0.02,20.0,9.999999999999999e-06,60.0,2.641570806503296,-0.004556633997708559,250.0,"[8, 4, 3]"
Energy_LJ_2scale,GNN_2LJ0.25_n1000_d3,-0.011616132222115993,6.744578838348389,0.02,0.1,20,1e-06,2.5303592681884766,1000,0.02,20.0,9.999999999999999e-06,24.0,1.9117379188537598,0.00021071269293315709,250.0,"[32, 16, 3]"
Energy_LJ_2scale,CG_2LJ0.20_n1000_d3,0.12995782494544983,31.680662155151367,0.02,0.1,20,1e-06,2.5303592681884766,1000,0.2,20.0,9.999999999999999e-06,690.0,12.979182720184326,0.16748803853988647,200.0,
Energy_LJ_2scale,GNN_2LJ0.20_n1000_d3,0.018374139443039894,9.050384521484375,0.02,0.1,20,1e-06,2.5303592681884766,1000,0.02,20.0,9.999999999999999e-06,31.0,1.9999725818634033,0.03537684679031372,200.0,"[8, 4, 3]"
Energy_LJ_2scale,GNN_2LJ0.20_n1000_d3,-0.014044282026588917,3.38645076751709,0.02,0.1,20,1e-06,2.5303592681884766,1000,0.02,20.0,9.999999999999999e-06,26.0,1.9571890830993652,0.00020402160589583218,200.0,"[32, 16, 3]"
Energy_LJ_2scale,GD_2LJ_n1000_d3,-0.0069839442148804665,7.271987676620483,0.02,0.1,20,1e-07,2.5303592681884766,1000,,,,,,,,
Energy_LJ_2scale,CG_2LJ0.33_n1000_d3,0.17379643023014069,40.09664273262024,0.02,0.1,20,1e-07,2.5303592681884766,1000,0.02,20.0,1e-06,1520.0,26.125404596328735,0.19873173534870148,333.0,
Energy_LJ_2scale,GNN_2LJ0.33_n1000_d3,0.1392696350812912,18.782341480255127,0.02,0.1,20,1e-07,2.5303592681884766,1000,0.002,20.0,1e-06,619.0,14.006298065185547,0.1407831311225891,333.0,"[8, 4, 3]"
Energy_LJ_2scale,GNN_2LJ0.33_n1000_d3,-0.04564056545495987,5.23564076423645,0.02,0.1,20,1e-07,2.5303592681884766,1000,0.002,20.0,1e-06,56.0,2.6506495475769043,-0.025125544518232346,333.0,"[32, 16, 3]"
Energy_LJ_2scale,CG_2LJ0.25_n1000_d3,0.46509143710136414,39.17535710334778,0.02,0.1,20,1e-07,2.5303592681884766,1000,0.02,20.0,1e-06,1743.0,29.08361053466797,0.4982399046421051,250.0,
Energy_LJ_2scale,GNN_2LJ0.25_n1000_d3,0.1058536171913147,17.726618766784668,0.02,0.1,20,1e-07,2.5303592681884766,1000,0.002,20.0,1e-06,451.0,10.654719114303589,0.10996519029140472,250.0,"[8, 4, 3]"
Energy_LJ_2scale,GNN_2LJ0.25_n1000_d3,-0.0485476553440094,14.489161014556885,0.02,0.1,20,1e-07,2.5303592681884766,1000,0.002,20.0,1e-06,66.0,2.8887135982513428,-0.030672723427414894,250.0,"[32, 16, 3]"
Energy_LJ_2scale,CG_2LJ0.20_n1000_d3,0.4690474271774292,32.55729627609253,0.02,0.1,20,1e-07,2.5303592681884766,1000,0.02,20.0,1e-06,1218.0,20.862125158309937,0.5084306001663208,200.0,
Energy_LJ_2scale,GNN_2LJ0.20_n1000_d3,0.11939835548400879,26.330589294433594,0.02,0.1,20,1e-07,2.5303592681884766,1000,0.002,20.0,1e-06,1070.0,23.59941530227661,0.12033221125602722,200.0,"[8, 4, 3]"
Energy_LJ_2scale,GNN_2LJ0.20_n1000_d3,-0.04712223634123802,7.692681074142456,0.02,0.1,20,1e-07,2.5303592681884766,1000,0.002,20.0,1e-06,53.0,2.5361878871917725,-0.02690405771136284,200.0,"[32, 16, 3]"
Energy_LJ_2scale,CG_2LJ0.33_n1000_d3,0.09371728450059891,22.0326406955719,0.02,0.1,20,1e-07,2.5303592681884766,1000,0.2,20.0,1e-06,275.0,5.85682225227356,0.12436342239379883,333.0,
Energy_LJ_2scale,GNN_2LJ0.33_n1000_d3,-0.026839183643460274,6.715885400772095,0.02,0.1,20,1e-07,2.5303592681884766,1000,0.02,20.0,1e-06,28.0,1.9231884479522705,-0.005674012005329132,333.0,"[8, 4, 3]"
Energy_LJ_2scale,GNN_2LJ0.33_n1000_d3,-0.014005562290549278,9.263725519180298,0.02,0.1,20,1e-07,2.5303592681884766,1000,0.02,20.0,1e-06,35.0,2.1684162616729736,1.6130987205542624e-05,333.0,"[32, 16, 3]"
Energy_LJ_2scale,CG_2LJ0.25_n1000_d3,0.2963600754737854,36.62868094444275,0.02,0.1,20,1e-07,2.5303592681884766,1000,0.2,20.0,1e-06,757.0,13.767168760299683,0.32866171002388,250.0,
Energy_LJ_2scale,GNN_2LJ0.25_n1000_d3,-0.03979310765862465,6.825080871582031,0.02,0.1,20,1e-07,2.5303592681884766,1000,0.02,20.0,1e-06,35.0,2.060624837875366,-0.015378785319626331,250.0,"[8, 4, 3]"
Energy_LJ_2scale,GNN_2LJ0.25_n1000_d3,-0.013623614795506,4.775226354598999,0.02,0.1,20,1e-07,2.5303592681884766,1000,0.02,20.0,1e-06,33.0,2.116912841796875,-0.00010275312524754554,250.0,"[32, 16, 3]"
Energy_LJ_2scale,CG_2LJ0.20_n1000_d3,0.2135811597108841,21.574517011642456,0.02,0.1,20,1e-07,2.5303592681884766,1000,0.2,20.0,1e-06,536.0,10.032254934310913,0.25238141417503357,200.0,
Energy_LJ_2scale,GNN_2LJ0.20_n1000_d3,0.10128423571586609,8.999742984771729,0.02,0.1,20,1e-07,2.5303592681884766,1000,0.02,20.0,1e-06,33.0,2.020277261734009,0.11904086172580719,200.0,"[8, 4, 3]"
Energy_LJ_2scale,GNN_2LJ0.20_n1000_d3,-0.015045889653265476,7.212159633636475,0.02,0.1,20,1e-07,2.5303592681884766,1000,0.02,20.0,1e-06,42.0,2.331735134124756,-0.000270342716248706,200.0,"[32, 16, 3]"
Energy_LJ_2scale,GD_2LJ_n1000_d3,-0.00789257138967514,7.194185733795166,0.01,0.1,20,1e-06,2.5303592681884766,1000,,,,,,,,
Energy_LJ_2scale,CG_2LJ0.33_n1000_d3,0.21683505177497864,37.00116991996765,0.01,0.1,20,1e-06,2.5303592681884766,1000,0.01,20.0,9.999999999999999e-06,1323.0,22.08436942100525,0.2422838807106018,333.0,
Energy_LJ_2scale,GNN_2LJ0.33_n1000_d3,0.04394800588488579,16.237218379974365,0.01,0.1,20,1e-06,2.5303592681884766,1000,0.001,20.0,9.999999999999999e-06,610.0,13.752313137054443,0.044848065823316574,333.0,"[8, 4, 3]"
Energy_LJ_2scale,GNN_2LJ0.33_n1000_d3,0.020045939832925797,12.069995880126953,0.01,0.1,20,1e-06,2.5303592681884766,1000,0.001,20.0,9.999999999999999e-06,172.0,5.083619117736816,0.026660356670618057,333.0,"[32, 16, 3]"
Energy_LJ_2scale,CG_2LJ0.25_n1000_d3,0.5478550791740417,47.92803883552551,0.01,0.1,20,1e-06,2.5303592681884766,1000,0.01,20.0,9.999999999999999e-06,1506.0,25.345728635787964,0.5826495885848999,250.0,
Energy_LJ_2scale,GNN_2LJ0.25_n1000_d3,0.05588282644748688,15.53437876701355,0.01,0.1,20,1e-06,2.5303592681884766,1000,0.001,20.0,9.999999999999999e-06,461.0,10.718504667282104,0.057237327098846436,250.0,"[8, 4, 3]"
Energy_LJ_2scale,GNN_2LJ0.25_n1000_d3,-0.06149192526936531,16.395081758499146,0.01,0.1,20,1e-06,2.5303592681884766,1000,0.001,20.0,9.999999999999999e-06,267.0,7.075963497161865,-0.05706557258963585,250.0,"[32, 16, 3]"
Energy_LJ_2scale,CG_2LJ0.20_n1000_d3,0.5534326434135437,41.25075030326843,0.01,0.1,20,1e-06,2.5303592681884766,1000,0.01,20.0,9.999999999999999e-06,1363.0,22.948386669158936,0.5932734608650208,200.0,
Energy_LJ_2scale,GNN_2LJ0.20_n1000_d3,0.051587823778390884,16.69945502281189,0.01,0.1,20,1e-06,2.5303592681884766,1000,0.001,20.0,9.999999999999999e-06,612.0,14.055795907974243,0.05292405188083649,200.0,"[8, 4, 3]"
Energy_LJ_2scale,GNN_2LJ0.20_n1000_d3,0.026603197678923607,12.971378087997437,0.01,0.1,20,1e-06,2.5303592681884766,1000,0.001,20.0,9.999999999999999e-06,199.0,5.625359296798706,0.03310008719563484,200.0,"[32, 16, 3]"
Energy_LJ_2scale,CG_2LJ0.33_n1000_d3,0.08476986736059189,29.382805585861206,0.01,0.1,20,1e-06,2.5303592681884766,1000,0.1,20.0,9.999999999999999e-06,374.0,7.685076713562012,0.11350108683109283,333.0,
Energy_LJ_2scale,GNN_2LJ0.33_n1000_d3,0.10214292258024216,7.130928993225098,0.01,0.1,20,1e-06,2.5303592681884766,1000,0.01,20.0,9.999999999999999e-06,49.0,2.3564984798431396,0.12970030307769775,333.0,"[8, 4, 3]"
Energy_LJ_2scale,GNN_2LJ0.33_n1000_d3,-0.01783064939081669,6.8538498878479,0.01,0.1,20,1e-06,2.5303592681884766,1000,0.01,20.0,9.999999999999999e-06,29.0,2.028513193130493,-0.0007230612682178617,333.0,"[32, 16, 3]"
Energy_LJ_2scale,CG_2LJ0.25_n1000_d3,0.3793552815914154,34.24488377571106,0.01,0.1,20,1e-06,2.5303592681884766,1000,0.1,20.0,9.999999999999999e-06,617.0,11.343240976333618,0.4146879017353058,250.0,
Energy_LJ_2scale,GNN_2LJ0.25_n1000_d3,-0.0768580213189125,17.197779178619385,0.01,0.1,20,1e-06,2.5303592681884766,1000,0.01,20.0,9.999999999999999e-06,764.0,16.905107975006104,-0.07135120779275894,250.0,"[8, 4, 3]"
Energy_LJ_2scale,GNN_2LJ0.25_n1000_d3,0.023143723607063293,4.573429107666016,0.01,0.1,20,1e-06,2.5303592681884766,1000,0.01,20.0,9.999999999999999e-06,24.0,1.917349100112915,0.04158928990364075,250.0,"[32, 16, 3]"
Energy_LJ_2scale,CG_2LJ0.20_n1000_d3,0.25767675042152405,26.416526556015015,0.01,0.1,20,1e-06,2.5303592681884766,1000,0.1,20.0,9.999999999999999e-06,653.0,11.863659143447876,0.29784083366394043,200.0,
Energy_LJ_2scale,GNN_2LJ0.20_n1000_d3,0.07390771061182022,9.648216724395752,0.01,0.1,20,1e-06,2.5303592681884766,1000,0.01,20.0,9.999999999999999e-06,58.0,2.5526013374328613,0.0929337590932846,200.0,"[8, 4, 3]"
Energy_LJ_2scale,GNN_2LJ0.20_n1000_d3,-0.018832702189683914,6.94965124130249,0.01,0.1,20,1e-06,2.5303592681884766,1000,0.01,20.0,9.999999999999999e-06,32.0,2.0911319255828857,-0.0006837910041213036,200.0,"[32, 16, 3]"
Energy_LJ_2scale,GD_2LJ_n1000_d3,-0.005509608890861273,9.554547548294067,0.01,0.1,20,1e-07,2.5303592681884766,1000,,,,,,,,
Energy_LJ_2scale,CG_2LJ0.33_n1000_d3,0.21692556142807007,48.87828302383423,0.01,0.1,20,1e-07,2.5303592681884766,1000,0.01,20.0,1e-06,1966.0,33.064499855041504,0.24163034558296204,333.0,
Energy_LJ_2scale,GNN_2LJ0.33_n1000_d3,0.022381605580449104,15.629287004470825,0.01,0.1,20,1e-07,2.5303592681884766,1000,0.001,20.0,1e-06,469.0,10.88384747505188,0.024102581664919853,333.0,"[8, 4, 3]"
Energy_LJ_2scale,GNN_2LJ0.33_n1000_d3,0.024727143347263336,11.395890712738037,0.01,0.1,20,1e-07,2.5303592681884766,1000,0.001,20.0,1e-06,135.0,4.352158546447754,0.033549219369888306,333.0,"[32, 16, 3]"
Energy_LJ_2scale,CG_2LJ0.25_n1000_d3,0.549197256565094,48.950963735580444,0.01,0.1,20,1e-07,2.5303592681884766,1000,0.01,20.0,1e-06,2302.0,37.665858030319214,0.5822213888168335,250.0,
Energy_LJ_2scale,GNN_2LJ0.25_n1000_d3,0.015480194240808487,15.634785175323486,0.01,0.1,20,1e-07,2.5303592681884766,1000,0.001,20.0,1e-06,470.0,10.858971357345581,0.016236407682299614,250.0,"[8, 4, 3]"
Energy_LJ_2scale,GNN_2LJ0.25_n1000_d3,-0.062218718230724335,15.826624155044556,0.01,0.1,20,1e-07,2.5303592681884766,1000,0.001,20.0,1e-06,134.0,4.31497049331665,-0.054564591497182846,250.0,"[32, 16, 3]"
Energy_LJ_2scale,CG_2LJ0.20_n1000_d3,0.55377197265625,50.29348397254944,0.01,0.1,20,1e-07,2.5303592681884766,1000,0.01,20.0,1e-06,1948.0,32.21604061126709,0.5923048853874207,200.0,
Energy_LJ_2scale,GNN_2LJ0.20_n1000_d3,0.05497463047504425,15.601971864700317,0.01,0.1,20,1e-07,2.5303592681884766,1000,0.001,20.0,1e-06,470.0,10.81393837928772,0.056380923837423325,200.0,"[8, 4, 3]"
Energy_LJ_2scale,GNN_2LJ0.20_n1000_d3,-0.05296895653009415,10.435139894485474,0.01,0.1,20,1e-07,2.5303592681884766,1000,0.001,20.0,1e-06,198.0,5.621011018753052,-0.04817340150475502,200.0,"[32, 16, 3]"
Energy_LJ_2scale,CG_2LJ0.33_n1000_d3,0.08495849370956421,37.25101280212402,0.01,0.1,20,1e-07,2.5303592681884766,1000,0.1,20.0,1e-06,370.0,7.476522445678711,0.11189772933721542,333.0,
Energy_LJ_2scale,GNN_2LJ0.33_n1000_d3,0.13372869789600372,6.841264486312866,0.01,0.1,20,1e-07,2.5303592681884766,1000,0.01,20.0,1e-06,249.0,6.5545196533203125,0.13801997900009155,333.0,"[8, 4, 3]"
Energy_LJ_2scale,GNN_2LJ0.33_n1000_d3,-0.01828610897064209,9.295854091644287,0.01,0.1,20,1e-07,2.5303592681884766,1000,0.01,20.0,1e-06,34.0,2.1466596126556396,-0.0006134327268227935,333.0,"[32, 16, 3]"
Energy_LJ_2scale,CG_2LJ0.25_n1000_d3,0.37889212369918823,38.917712450027466,0.01,0.1,20,1e-07,2.5303592681884766,1000,0.1,20.0,1e-06,736.0,13.164661645889282,0.41465333104133606,250.0,
Energy_LJ_2scale,GNN_2LJ0.25_n1000_d3,0.15913361310958862,5.62807297706604,0.01,0.1,20,1e-07,2.5303592681884766,1000,0.01,20.0,1e-06,77.0,3.005533218383789,0.17568138241767883,250.0,"[8, 4, 3]"
Energy_LJ_2scale,GNN_2LJ0.25_n1000_d3,-0.013258109800517559,9.474698066711426,0.01,0.1,20,1e-07,2.5303592681884766,1000,0.01,20.0,1e-06,44.0,2.332688570022583,-0.00048392778262495995,250.0,"[32, 16, 3]"
Energy_LJ_2scale,CG_2LJ0.20_n1000_d3,0.2571678161621094,43.72487831115723,0.01,0.1,20,1e-07,2.5303592681884766,1000,0.1,20.0,1e-06,681.0,12.424890995025635,0.29850637912750244,200.0,
Energy_LJ_2scale,GNN_2LJ0.20_n1000_d3,0.2576257586479187,12.871198654174805,0.01,0.1,20,1e-07,2.5303592681884766,1000,0.01,20.0,1e-06,422.0,10.179105281829834,0.2603191137313843,200.0,"[8, 4, 3]"
Energy_LJ_2scale,GNN_2LJ0.20_n1000_d3,-0.01886499486863613,9.335789442062378,0.01,0.1,20,1e-07,2.5303592681884766,1000,0.01,20.0,1e-06,30.0,2.0751357078552246,-0.00045333540765568614,200.0,"[32, 16, 3]"
Energy_LJ_2scale,GD_2LJ_n1000_d3,-0.0013161428505554795,2.6228537559509277,0.05,0.1,20,1e-06,2.5303592681884766,1000,,,,,,,,
Energy_LJ_2scale,CG_2LJ0.33_n1000_d3,0.13598230481147766,15.146916151046753,0.05,0.1,20,1e-06,2.5303592681884766,1000,0.05,20.0,9.999999999999999e-06,771.0,13.773482322692871,0.15259552001953125,333.0,
Energy_LJ_2scale,GNN_2LJ0.33_n1000_d3,-0.032803770154714584,6.329331398010254,0.05,0.1,20,1e-06,2.5303592681884766,1000,0.005,20.0,9.999999999999999e-06,182.0,5.125506639480591,-0.02580198086798191,333.0,"[8, 4, 3]"
Energy_LJ_2scale,GNN_2LJ0.33_n1000_d3,0.012824524194002151,4.148473262786865,0.05,0.1,20,1e-06,2.5303592681884766,1000,0.005,20.0,9.999999999999999e-06,32.0,2.0991697311401367,0.034715499728918076,333.0,"[32, 16, 3]"
Energy_LJ_2scale,CG_2LJ0.25_n1000_d3,0.472791850566864,15.102378368377686,0.05,0.1,20,1e-06,2.5303592681884766,1000,0.05,20.0,9.999999999999999e-06,770.0,13.908272981643677,0.49858716130256653,250.0,
Energy_LJ_2scale,GNN_2LJ0.25_n1000_d3,-0.005866022314876318,4.447081565856934,0.05,0.1,20,1e-06,2.5303592681884766,1000,0.005,20.0,9.999999999999999e-06,80.0,2.988064765930176,0.003866402665153146,250.0,"[8, 4, 3]"
Energy_LJ_2scale,GNN_2LJ0.25_n1000_d3,0.018807200714945793,3.4851818084716797,0.05,0.1,20,1e-06,2.5303592681884766,1000,0.005,20.0,9.999999999999999e-06,36.0,2.202118158340454,0.03936059772968292,250.0,"[32, 16, 3]"
Energy_LJ_2scale,CG_2LJ0.20_n1000_d3,0.3938281536102295,16.930707216262817,0.05,0.1,20,1e-06,2.5303592681884766,1000,0.05,20.0,9.999999999999999e-06,866.0,15.701041221618652,0.42453479766845703,200.0,
Energy_LJ_2scale,GNN_2LJ0.20_n1000_d3,0.12912100553512573,5.956963539123535,0.05,0.1,20,1e-06,2.5303592681884766,1000,0.005,20.0,9.999999999999999e-06,120.0,3.9214189052581787,0.13917510211467743,200.0,"[8, 4, 3]"
Energy_LJ_2scale,GNN_2LJ0.20_n1000_d3,0.019953874871134758,3.573894500732422,0.05,0.1,20,1e-06,2.5303592681884766,1000,0.005,20.0,9.999999999999999e-06,31.0,2.052110433578491,0.04131158068776131,200.0,"[32, 16, 3]"
Energy_LJ_2scale,CG_2LJ0.33_n1000_d3,-0.052249323576688766,5.6038618087768555,0.05,0.1,20,1e-06,2.5303592681884766,1000,0.5,20.0,9.999999999999999e-06,235.0,5.292809247970581,-0.009398615919053555,333.0,
Energy_LJ_2scale,GNN_2LJ0.33_n1000_d3,-0.0138120511546731,3.5070362091064453,0.05,0.1,20,1e-06,2.5303592681884766,1000,0.05,20.0,9.999999999999999e-06,27.0,1.92716383934021,-0.001235204515978694,333.0,"[8, 4, 3]"
Energy_LJ_2scale,GNN_2LJ0.33_n1000_d3,0.1115870550274849,2.3782153129577637,0.05,0.1,20,1e-06,2.5303592681884766,1000,0.05,20.0,9.999999999999999e-06,30.0,2.0535457134246826,0.12565751373767853,333.0,"[32, 16, 3]"
Energy_LJ_2scale,CG_2LJ0.25_n1000_d3,-0.064693883061409,13.231303930282593,0.05,0.1,20,1e-06,2.5303592681884766,1000,0.5,20.0,9.999999999999999e-06,595.0,11.070770740509033,-0.011800434440374374,250.0,
Energy_LJ_2scale,GNN_2LJ0.25_n1000_d3,0.030005503445863724,2.191120147705078,0.05,0.1,20,1e-06,2.5303592681884766,1000,0.05,20.0,9.999999999999999e-06,27.0,1.9038176536560059,0.04052102938294411,250.0,"[8, 4, 3]"
Energy_LJ_2scale,GNN_2LJ0.25_n1000_d3,-0.01870051771402359,4.487774610519409,0.05,0.1,20,1e-06,2.5303592681884766,1000,0.05,20.0,9.999999999999999e-06,25.0,1.9368295669555664,-0.0001235938398167491,250.0,"[32, 16, 3]"
Energy_LJ_2scale,CG_2LJ0.20_n1000_d3,-0.08774008601903915,13.578085660934448,0.05,0.1,20,1e-06,2.5303592681884766,1000,0.5,20.0,9.999999999999999e-06,642.0,12.20486044883728,-0.04353076592087746,200.0,
Energy_LJ_2scale,GNN_2LJ0.20_n1000_d3,-0.013788262382149696,3.9425137042999268,0.05,0.1,20,1e-06,2.5303592681884766,1000,0.05,20.0,9.999999999999999e-06,25.0,1.8601882457733154,-0.000785124721005559,200.0,"[8, 4, 3]"
Energy_LJ_2scale,GNN_2LJ0.20_n1000_d3,-0.010268937796354294,4.470248460769653,0.05,0.1,20,1e-06,2.5303592681884766,1000,0.05,20.0,9.999999999999999e-06,28.0,1.9991481304168701,3.8368962123058736e-05,200.0,"[32, 16, 3]"
Energy_LJ_2scale,GD_2LJ_n1000_d3,-0.0024672176223248243,1.8594374656677246,0.05,0.1,20,1e-07,2.5303592681884766,1000,,,,,,,,
Energy_LJ_2scale,CG_2LJ0.33_n1000_d3,0.13620510697364807,12.893370628356934,0.05,0.1,20,1e-07,2.5303592681884766,1000,0.05,20.0,1e-06,620.0,11.31232500076294,0.15288163721561432,333.0,
Energy_LJ_2scale,GNN_2LJ0.33_n1000_d3,-0.026080891489982605,11.940856456756592,0.05,0.1,20,1e-07,2.5303592681884766,1000,0.005,20.0,1e-06,454.0,10.563528776168823,-0.02403845265507698,333.0,"[8, 4, 3]"
Energy_LJ_2scale,GNN_2LJ0.33_n1000_d3,-0.025255443528294563,4.646156311035156,0.05,0.1,20,1e-07,2.5303592681884766,1000,0.005,20.0,1e-06,31.0,2.07798171043396,-0.004367428366094828,333.0,"[32, 16, 3]"
Energy_LJ_2scale,CG_2LJ0.25_n1000_d3,0.472324013710022,18.013131141662598,0.05,0.1,20,1e-07,2.5303592681884766,1000,0.05,20.0,1e-06,962.0,16.71510887145996,0.4978431165218353,250.0,
Energy_LJ_2scale,GNN_2LJ0.25_n1000_d3,-0.07185578346252441,8.36953353881836,0.05,0.1,20,1e-07,2.5303592681884766,1000,0.005,20.0,1e-06,259.0,6.622409105300903,-0.06428918987512589,250.0,"[8, 4, 3]"
Energy_LJ_2scale,GNN_2LJ0.25_n1000_d3,0.015465903095901012,3.390322685241699,0.05,0.1,20,1e-07,2.5303592681884766,1000,0.005,20.0,1e-06,29.0,2.0548510551452637,0.03614572435617447,250.0,"[32, 16, 3]"
Energy_LJ_2scale,CG_2LJ0.20_n1000_d3,0.3927582800388336,17.010751962661743,0.05,0.1,20,1e-07,2.5303592681884766,1000,0.05,20.0,1e-06,897.0,15.95470666885376,0.4244849383831024,200.0,
Energy_LJ_2scale,GNN_2LJ0.20_n1000_d3,0.022523213177919388,6.822347164154053,0.05,0.1,20,1e-07,2.5303592681884766,1000,0.005,20.0,1e-06,166.0,4.868648052215576,0.02991032414138317,200.0,"[8, 4, 3]"
Energy_LJ_2scale,GNN_2LJ0.20_n1000_d3,-0.030798355117440224,3.1270315647125244,0.05,0.1,20,1e-07,2.5303592681884766,1000,0.005,20.0,1e-06,35.0,2.159334421157837,-0.0059069241397082806,200.0,"[32, 16, 3]"
Energy_LJ_2scale,CG_2LJ0.33_n1000_d3,-0.0051442282274365425,4.640594005584717,0.05,0.1,20,1e-07,2.5303592681884766,1000,0.5,20.0,1e-06,93.0,3.0495357513427734,0.02699667401611805,333.0,
Energy_LJ_2scale,GNN_2LJ0.33_n1000_d3,0.02829790487885475,4.356991529464722,0.05,0.1,20,1e-07,2.5303592681884766,1000,0.05,20.0,1e-06,26.0,1.8877220153808594,0.04069117084145546,333.0,"[8, 4, 3]"
Energy_LJ_2scale,GNN_2LJ0.33_n1000_d3,0.03058610111474991,2.504819631576538,0.05,0.1,20,1e-07,2.5303592681884766,1000,0.05,20.0,1e-06,35.0,2.1803972721099854,0.042405758053064346,333.0,"[32, 16, 3]"
Energy_LJ_2scale,CG_2LJ0.25_n1000_d3,-0.09526672959327698,10.795315504074097,0.05,0.1,20,1e-07,2.5303592681884766,1000,0.5,20.0,1e-06,471.0,9.062382936477661,-0.0583602637052536,250.0,
Energy_LJ_2scale,GNN_2LJ0.25_n1000_d3,0.025084614753723145,3.150522232055664,0.05,0.1,20,1e-07,2.5303592681884766,1000,0.05,20.0,1e-06,26.0,1.88820219039917,0.03905327245593071,250.0,"[8, 4, 3]"
Energy_LJ_2scale,GNN_2LJ0.25_n1000_d3,0.11150338500738144,2.3133249282836914,0.05,0.1,20,1e-07,2.5303592681884766,1000,0.05,20.0,1e-06,26.0,1.9876511096954346,0.12576691806316376,250.0,"[32, 16, 3]"
Energy_LJ_2scale,CG_2LJ0.20_n1000_d3,-0.08250761777162552,13.48023533821106,0.05,0.1,20,1e-07,2.5303592681884766,1000,0.5,20.0,1e-06,669.0,12.110693216323853,-0.028743984177708626,200.0,
Energy_LJ_2scale,GNN_2LJ0.20_n1000_d3,-0.010805608704686165,3.07395601272583,0.05,0.1,20,1e-07,2.5303592681884766,1000,0.05,20.0,1e-06,23.0,1.821362018585205,-0.0009596538729965687,200.0,"[8, 4, 3]"
Energy_LJ_2scale,GNN_2LJ0.20_n1000_d3,0.11147292703390121,2.5375518798828125,0.05,0.1,20,1e-07,2.5303592681884766,1000,0.05,20.0,1e-06,37.0,2.2117154598236084,0.1257268488407135,200.0,"[32, 16, 3]"
Energy_LJ_2scale,GD_2LJ_n1000_d3,-0.007684309035539627,7.555557012557983,0.02,0.1,20,1e-06,2.5303592681884766,1000,,,,,,,,
Energy_LJ_2scale,CG_2LJ0.33_n1000_d3,0.17396149039268494,29.380552530288696,0.02,0.1,20,1e-06,2.5303592681884766,1000,0.02,20.0,9.999999999999999e-06,1023.0,17.6684730052948,0.1992538571357727,333.0,
Energy_LJ_2scale,GNN_2LJ0.33_n1000_d3,0.12140095233917236,16.505952835083008,0.02,0.1,20,1e-06,2.5303592681884766,1000,0.002,20.0,9.999999999999999e-06,600.0,13.903077840805054,0.12291219830513,333.0,"[8, 4, 3]"
Energy_LJ_2scale,GNN_2LJ0.33_n1000_d3,-0.04650189355015755,7.283332347869873,0.02,0.1,20,1e-06,2.5303592681884766,1000,0.002,20.0,9.999999999999999e-06,51.0,2.4868268966674805,-0.027591479942202568,333.0,"[32, 16, 3]"
Energy_LJ_2scale,CG_2LJ0.25_n1000_d3,0.4637972414493561,38.95877194404602,0.02,0.1,20,1e-06,2.5303592681884766,1000,0.02,20.0,9.999999999999999e-06,1310.0,22.12177610397339,0.4982280731201172,250.0,
Energy_LJ_2scale,GNN_2LJ0.25_n1000_d3,0.0031786987092345953,16.564014673233032,0.02,0.1,20,1e-06,2.5303592681884766,1000,0.002,20.0,9.999999999999999e-06,620.0,14.02872371673584,0.005138631444424391,250.0,"[8, 4, 3]"
Energy_LJ_2scale,GNN_2LJ0.25_n1000_d3,-0.048509012907743454,7.650572299957275,0.02,0.1,20,1e-06,2.5303592681884766,1000,0.002,20.0,9.999999999999999e-06,63.0,2.820247173309326,-0.03004344366490841,250.0,"[32, 16, 3]"
Energy_LJ_2scale,CG_2LJ0.20_n1000_d3,0.46918079257011414,31.410263299942017,0.02,0.1,20,1e-06,2.5303592681884766,1000,0.02,20.0,9.999999999999999e-06,907.0,16.071858644485474,0.5092796087265015,200.0,
Energy_LJ_2scale,GNN_2LJ0.20_n1000_d3,0.2599124014377594,22.08460783958435,0.02,0.1,20,1e-06,2.5303592681884766,1000,0.002,20.0,9.999999999999999e-06,770.0,17.394184589385986,0.26208075881004333,200.0,"[8, 4, 3]"
Energy_LJ_2scale,GNN_2LJ0.20_n1000_d3,-0.04795144125819206,7.468199729919434,0.02,0.1,20,1e-06,2.5303592681884766,1000,0.002,20.0,9.999999999999999e-06,53.0,2.5775246620178223,-0.02758573368191719,200.0,"[32, 16, 3]"
Energy_LJ_2scale,CG_2LJ0.33_n1000_d3,0.049687858670949936,32.05591297149658,0.02,0.1,20,1e-06,2.5303592681884766,1000,0.2,20.0,9.999999999999999e-06,434.0,8.414181232452393,0.07945659011602402,333.0,
Energy_LJ_2scale,GNN_2LJ0.33_n1000_d3,-0.02863561175763607,11.5106201171875,0.02,0.1,20,1e-06,2.5303592681884766,1000,0.02,20.0,9.999999999999999e-06,38.0,2.1309139728546143,-0.007619830779731274,333.0,"[8, 4, 3]"
Energy_LJ_2scale,GNN_2LJ0.33_n1000_d3,-0.02039012499153614,6.740878582000732,0.02,0.1,20,1e-06,2.5303592681884766,1000,0.02,20.0,9.999999999999999e-06,23.0,1.8853933811187744,0.00016550083819311112,333.0,"[32, 16, 3]"
Energy_LJ_2scale,CG_2LJ0.25_n1000_d3,0.3377592861652374,28.727566719055176,0.02,0.1,20,1e-06,2.5303592681884766,1000,0.2,20.0,9.999999999999999e-06,542.0,10.112577676773071,0.3717091977596283,250.0,
Energy_LJ_2scale,GNN_2LJ0.25_n1000_d3,0.014065923169255257,7.2925238609313965,0.02,0.1,20,1e-06,2.5303592681884766,1000,0.02,20.0,9.999999999999999e-06,42.0,2.2697808742523193,0.03372327238321304,250.0,"[8, 4, 3]"
Energy_LJ_2scale,GNN_2LJ0.25_n1000_d3,-0.01704772375524044,6.693585157394409,0.02,0.1,20,1e-06,2.5303592681884766,1000,0.02,20.0,9.999999999999999e-06,23.0,1.8495731353759766,-0.00013223689165897667,250.0,"[32, 16, 3]"
Energy_LJ_2scale,CG_2LJ0.20_n1000_d3,0.3810482323169708,20.611959218978882,0.02,0.1,20,1e-06,2.5303592681884766,1000,0.2,20.0,9.999999999999999e-06,501.0,9.637320518493652,0.42045724391937256,200.0,
Energy_LJ_2scale,GNN_2LJ0.20_n1000_d3,-0.036075327545404434,9.541879415512085,0.02,0.1,20,1e-06,2.5303592681884766,1000,0.02,20.0,9.999999999999999e-06,49.0,2.3436620235443115,-0.014765054918825626,200.0,"[8, 4, 3]"
Energy_LJ_2scale,GNN_2LJ0.20_n1000_d3,-0.015198690816760063,9.55873703956604,0.02,0.1,20,1e-06,2.5303592681884766,1000,0.02,20.0,9.999999999999999e-06,49.0,2.4831745624542236,0.025006169453263283,200.0,"[32, 16, 3]"
Energy_LJ_2scale,GD_2LJ_n1000_d3,-0.0059614782221615314,9.420485258102417,0.02,0.1,20,1e-07,2.5303592681884766,1000,,,,,,,,
Energy_LJ_2scale,CG_2LJ0.33_n1000_d3,0.17277634143829346,38.40752363204956,0.02,0.1,20,1e-07,2.5303592681884766,1000,0.02,20.0,1e-06,1170.0,19.76052689552307,0.1996447592973709,333.0,
Energy_LJ_2scale,GNN_2LJ0.33_n1000_d3,0.2698027193546295,19.17514729499817,0.02,0.1,20,1e-07,2.5303592681884766,1000,0.002,20.0,1e-06,617.0,14.4183931350708,0.271381676197052,333.0,"[8, 4, 3]"
Energy_LJ_2scale,GNN_2LJ0.33_n1000_d3,-0.052431754767894745,12.616721630096436,0.02,0.1,20,1e-07,2.5303592681884766,1000,0.002,20.0,1e-06,85.0,3.30826473236084,-0.034490786492824554,333.0,"[32, 16, 3]"
Energy_LJ_2scale,CG_2LJ0.25_n1000_d3,0.46332910656929016,48.370744943618774,0.02,0.1,20,1e-07,2.5303592681884766,1000,0.02,20.0,1e-06,1365.0,23.290212869644165,0.4982962906360626,250.0,
Energy_LJ_2scale,GNN_2LJ0.25_n1000_d3,-0.023585518822073936,19.77764630317688,0.02,0.1,20,1e-07,2.5303592681884766,1000,0.002,20.0,1e-06,762.0,17.189347505569458,-0.023088879883289337,250.0,"[8, 4, 3]"
Energy_LJ_2scale,GNN_2LJ0.25_n1000_d3,-0.050185978412628174,7.798660516738892,0.02,0.1,20,1e-07,2.5303592681884766,1000,0.002,20.0,1e-06,72.0,2.979283571243286,-0.032557569444179535,250.0,"[32, 16, 3]"
Energy_LJ_2scale,CG_2LJ0.20_n1000_d3,0.46739938855171204,45.54714822769165,0.02,0.1,20,1e-07,2.5303592681884766,1000,0.02,20.0,1e-06,1346.0,23.067196369171143,0.5084105134010315,200.0,
Energy_LJ_2scale,GNN_2LJ0.20_n1000_d3,0.13416051864624023,26.722676038742065,0.02,0.1,20,1e-07,2.5303592681884766,1000,0.002,20.0,1e-06,763.0,17.270949602127075,0.13559776544570923,200.0,"[8, 4, 3]"
Energy_LJ_2scale,GNN_2LJ0.20_n1000_d3,-0.005065441597253084,15.056626796722412,0.02,0.1,20,1e-07,2.5303592681884766,1000,0.002,20.0,1e-06,95.0,3.442721366882324,0.014433718286454678,200.0,"[32, 16, 3]"
Energy_LJ_2scale,CG_2LJ0.33_n1000_d3,-0.07217010110616684,32.48135328292847,0.02,0.1,20,1e-07,2.5303592681884766,1000,0.2,20.0,1e-06,704.0,12.630276441574097,-0.042650554329156876,333.0,
Energy_LJ_2scale,GNN_2LJ0.33_n1000_d3,-0.016695477068424225,5.461344242095947,0.02,0.1,20,1e-07,2.5303592681884766,1000,0.02,20.0,1e-06,71.0,2.839616060256958,-0.005260708276182413,333.0,"[8, 4, 3]"
Energy_LJ_2scale,GNN_2LJ0.33_n1000_d3,-0.013907068409025669,9.114587783813477,0.02,0.1,20,1e-07,2.5303592681884766,1000,0.02,20.0,1e-06,31.0,2.07328462600708,0.0001414949947502464,333.0,"[32, 16, 3]"
Energy_LJ_2scale,CG_2LJ0.25_n1000_d3,0.3420763611793518,22.734843015670776,0.02,0.1,20,1e-07,2.5303592681884766,1000,0.2,20.0,1e-06,430.0,8.26809310913086,0.38055184483528137,250.0,
Energy_LJ_2scale,GNN_2LJ0.25_n1000_d3,0.04944489896297455,13.974484920501709,0.02,0.1,20,1e-07,2.5303592681884766,1000,0.02,20.0,1e-06,47.0,2.3116774559020996,0.06756684184074402,250.0,"[8, 4, 3]"
Energy_LJ_2scale,GNN_2LJ0.25_n1000_d3,-0.01798819564282894,6.792319297790527,0.02,0.1,20,1e-07,2.5303592681884766,1000,0.02,20.0,1e-06,23.0,1.877662181854248,0.00015862791042309254,250.0,"[32, 16, 3]"
Energy_LJ_2scale,CG_2LJ0.20_n1000_d3,0.1695026159286499,36.71559405326843,0.02,0.1,20,1e-07,2.5303592681884766,1000,0.2,20.0,1e-06,628.0,11.395700693130493,0.20964482426643372,200.0,
Energy_LJ_2scale,GNN_2LJ0.20_n1000_d3,0.033171020448207855,7.854542016983032,0.02,0.1,20,1e-07,2.5303592681884766,1000,0.02,20.0,1e-06,74.0,2.9361298084259033,0.054964590817689896,200.0,"[8, 4, 3]"
Energy_LJ_2scale,GNN_2LJ0.20_n1000_d3,-0.01784360222518444,5.050569772720337,0.02,0.1,20,1e-07,2.5303592681884766,1000,0.02,20.0,1e-06,43.0,2.345745801925659,-0.00031070364639163017,200.0,"[32, 16, 3]"
Energy_LJ_2scale,GD_2LJ_n1000_d3,-0.005715637467801571,7.319709777832031,0.01,0.1,20,1e-06,2.5303592681884766,1000,,,,,,,,
Energy_LJ_2scale,CG_2LJ0.33_n1000_d3,0.21624940633773804,37.56353139877319,0.01,0.1,20,1e-06,2.5303592681884766,1000,0.01,20.0,9.999999999999999e-06,1209.0,21.467222690582275,0.24236488342285156,333.0,
Energy_LJ_2scale,GNN_2LJ0.33_n1000_d3,-0.06859318166971207,18.699878931045532,0.01,0.1,20,1e-06,2.5303592681884766,1000,0.001,20.0,9.999999999999999e-06,619.0,13.953247308731079,-0.06556542217731476,333.0,"[8, 4, 3]"
Energy_LJ_2scale,GNN_2LJ0.33_n1000_d3,-0.06286852061748505,6.66263484954834,0.01,0.1,20,1e-06,2.5303592681884766,1000,0.001,20.0,9.999999999999999e-06,126.0,4.156834840774536,-0.05710403621196747,333.0,"[32, 16, 3]"
Energy_LJ_2scale,CG_2LJ0.25_n1000_d3,0.5485175848007202,47.91947555541992,0.01,0.1,20,1e-06,2.5303592681884766,1000,0.01,20.0,9.999999999999999e-06,1780.0,29.72389268875122,0.5821051597595215,250.0,
Energy_LJ_2scale,GNN_2LJ0.25_n1000_d3,0.08410266786813736,22.130133390426636,0.01,0.1,20,1e-06,2.5303592681884766,1000,0.001,20.0,9.999999999999999e-06,462.0,10.649208784103394,0.08725974708795547,250.0,"[8, 4, 3]"
Energy_LJ_2scale,GNN_2LJ0.25_n1000_d3,0.06953638792037964,9.0702645778656,0.01,0.1,20,1e-06,2.5303592681884766,1000,0.001,20.0,9.999999999999999e-06,245.0,6.551320552825928,0.07241328060626984,250.0,"[32, 16, 3]"
Energy_LJ_2scale,CG_2LJ0.20_n1000_d3,0.5537697672843933,45.358548164367676,0.01,0.1,20,1e-06,2.5303592681884766,1000,0.01,20.0,9.999999999999999e-06,1671.0,27.871042728424072,0.5925646424293518,200.0,
Energy_LJ_2scale,GNN_2LJ0.20_n1000_d3,-0.02292194589972496,20.435949325561523,0.01,0.1,20,1e-06,2.5303592681884766,1000,0.001,20.0,9.999999999999999e-06,711.0,15.660842418670654,-0.021649817004799843,200.0,"[8, 4, 3]"
Energy_LJ_2scale,GNN_2LJ0.20_n1000_d3,-0.05134791135787964,9.63053560256958,0.01,0.1,20,1e-06,2.5303592681884766,1000,0.001,20.0,9.999999999999999e-06,164.0,4.904759407043457,-0.04443749040365219,200.0,"[32, 16, 3]"
Energy_LJ_2scale,CG_2LJ0.33_n1000_d3,0.08556360751390457,29.97325325012207,0.01,0.1,20,1e-06,2.5303592681884766,1000,0.1,20.0,9.999999999999999e-06,403.0,7.937962293624878,0.1145031601190567,333.0,
Energy_LJ_2scale,GNN_2LJ0.33_n1000_d3,0.12434309720993042,10.566320180892944,0.01,0.1,20,1e-06,2.5303592681884766,1000,0.01,20.0,9.999999999999999e-06,215.0,5.7712438106536865,0.1355961710214615,333.0,"[8, 4, 3]"
Energy_LJ_2scale,GNN_2LJ0.33_n1000_d3,-0.018464237451553345,6.814903497695923,0.01,0.1,20,1e-06,2.5303592681884766,1000,0.01,20.0,9.999999999999999e-06,25.0,1.9397568702697754,-0.0013903055805712938,333.0,"[32, 16, 3]"
